300100011327368,DNB,DATA-27368-1-PTYORG-1,US,N,N,END
300100011327368,DNB,DATA-27368-2-PTYORG-1,US,N,N,END
300100011327368,DNB,DATA-27368-3-PTYORG-1,US,N,N,END
300100011327368,DNB,DATA-27368-4-PTYORG-1,US,N,N,END
300100011327368,DNB,DATA-27368-5-PTYORG-1,US,N,N,END
300100011327368,DNB,DATA-27368-6-PTYORG-1,US,N,N,END
300100011327368,DNB,DATA-27368-7-PTYORG-1,US,N,N,END
300100011327368,DNB,DATA-27368-8-PTYORG-1,US,N,N,END
300100011327368,DNB,DATA-27368-9-PTYORG-1,US,N,N,END
300100011327368,DNB,DATA-27368-10-PTYORG-1,US,N,N,END
