300100011327368,,,DNB,DATA-27368-1-AC-1,DNB,DATA-27368-1-ACR-1,BILL_TO,Y,END
300100011327368,,,DNB,DATA-27368-2-AC-1,DNB,DATA-27368-2-ACR-1,BILL_TO,Y,END
300100011327368,,,DNB,DATA-27368-3-AC-1,DNB,DATA-27368-3-ACR-1,BILL_TO,Y,END
300100011327368,,,DNB,DATA-27368-4-AC-1,DNB,DATA-27368-4-ACR-1,BILL_TO,Y,END
300100011327368,,,DNB,DATA-27368-5-AC-1,DNB,DATA-27368-5-ACR-1,BILL_TO,Y,END
300100011327368,,,DNB,DATA-27368-6-AC-1,DNB,DATA-27368-6-ACR-1,BILL_TO,Y,END
300100011327368,,,DNB,DATA-27368-7-AC-1,DNB,DATA-27368-7-ACR-1,BILL_TO,Y,END
300100011327368,,,DNB,DATA-27368-8-AC-1,DNB,DATA-27368-8-ACR-1,BILL_TO,Y,END
300100011327368,,,DNB,DATA-27368-9-AC-1,DNB,DATA-27368-9-ACR-1,BILL_TO,Y,END
300100011327368,,,DNB,DATA-27368-10-AC-1,DNB,DATA-27368-10-ACR-1,BILL_TO,Y,END
