300100011327368,DNB,DATA-27368-1-PTYORG-1,DNB,DATA-27368-1-PS-1,BILL_TO,Y,I,,,,,,,,,,,,,,,,,,,,,,,,,,,,,,,,,,DNB,DATA-27368-1-PSU-1,END
300100011327368,DNB,DATA-27368-2-PTYORG-1,DNB,DATA-27368-2-PS-1,BILL_TO,Y,I,,,,,,,,,,,,,,,,,,,,,,,,,,,,,,,,,,DNB,DATA-27368-2-PSU-1,END
300100011327368,DNB,DATA-27368-3-PTYORG-1,DNB,DATA-27368-3-PS-1,BILL_TO,Y,I,,,,,,,,,,,,,,,,,,,,,,,,,,,,,,,,,,DNB,DATA-27368-3-PSU-1,END
300100011327368,DNB,DATA-27368-4-PTYORG-1,DNB,DATA-27368-4-PS-1,BILL_TO,Y,I,,,,,,,,,,,,,,,,,,,,,,,,,,,,,,,,,,DNB,DATA-27368-4-PSU-1,END
300100011327368,DNB,DATA-27368-5-PTYORG-1,DNB,DATA-27368-5-PS-1,BILL_TO,Y,I,,,,,,,,,,,,,,,,,,,,,,,,,,,,,,,,,,DNB,DATA-27368-5-PSU-1,END
300100011327368,DNB,DATA-27368-6-PTYORG-1,DNB,DATA-27368-6-PS-1,BILL_TO,Y,I,,,,,,,,,,,,,,,,,,,,,,,,,,,,,,,,,,DNB,DATA-27368-6-PSU-1,END
300100011327368,DNB,DATA-27368-7-PTYORG-1,DNB,DATA-27368-7-PS-1,BILL_TO,Y,I,,,,,,,,,,,,,,,,,,,,,,,,,,,,,,,,,,DNB,DATA-27368-7-PSU-1,END
300100011327368,DNB,DATA-27368-8-PTYORG-1,DNB,DATA-27368-8-PS-1,BILL_TO,Y,I,,,,,,,,,,,,,,,,,,,,,,,,,,,,,,,,,,DNB,DATA-27368-8-PSU-1,END
300100011327368,DNB,DATA-27368-9-PTYORG-1,DNB,DATA-27368-9-PS-1,BILL_TO,Y,I,,,,,,,,,,,,,,,,,,,,,,,,,,,,,,,,,,DNB,DATA-27368-9-PSU-1,END
300100011327368,DNB,DATA-27368-10-PTYORG-1,DNB,DATA-27368-10-PS-1,BILL_TO,Y,I,,,,,,,,,,,,,,,,,,,,,,,,,,,,,,,,,,DNB,DATA-27368-10-PSU-1,END
