300100011327368,DNB,DATA-27368-1-LOC-1,,US,DATA-27368-1-100 Oracle Parkway,,,,REDWOOD CITY,CA,,SAN MATEO,,,,100 BUILDING,,,,,,,,,,,,,,,END
300100011327368,DNB,DATA-27368-1-LOC-CLS1,,US,100 Oracle Parkway,,,,REDWOOD CITY,CA,,SAN MATEO,94065,,,,,,,,,,,,,,,,,,END
300100011327368,DNB,DATA-27368-1-LOC-Cls2,,US,2822 W 32ND ST,,,,BROOKLYN,,,,,,,,,,,,,,,,,,,,,,END
300100011327368,DNB,DATA-27368-2-LOC-1,,US,DATA-27368-2-100 Oracle Parkway,,,,REDWOOD CITY,CA,,SAN MATEO,,,,100 BUILDING,,,,,,,,,,,,,,,END
300100011327368,DNB,DATA-27368-2-LOC-CLS1,,US,100 Oracle Parkway,,,,REDWOOD CITY,CA,,SAN MATEO,94065,,,,,,,,,,,,,,,,,,END
300100011327368,DNB,DATA-27368-2-LOC-Cls2,,US,2822 W 32ND ST,,,,BROOKLYN,,,,,,,,,,,,,,,,,,,,,,END
300100011327368,DNB,DATA-27368-3-LOC-1,,US,DATA-27368-3-100 Oracle Parkway,,,,REDWOOD CITY,CA,,SAN MATEO,,,,100 BUILDING,,,,,,,,,,,,,,,END
300100011327368,DNB,DATA-27368-3-LOC-CLS1,,US,100 Oracle Parkway,,,,REDWOOD CITY,CA,,SAN MATEO,94065,,,,,,,,,,,,,,,,,,END
300100011327368,DNB,DATA-27368-3-LOC-Cls2,,US,2822 W 32ND ST,,,,BROOKLYN,,,,,,,,,,,,,,,,,,,,,,END
300100011327368,DNB,DATA-27368-4-LOC-1,,US,DATA-27368-4-100 Oracle Parkway,,,,REDWOOD CITY,CA,,SAN MATEO,,,,100 BUILDING,,,,,,,,,,,,,,,END
300100011327368,DNB,DATA-27368-4-LOC-CLS1,,US,100 Oracle Parkway,,,,REDWOOD CITY,CA,,SAN MATEO,94065,,,,,,,,,,,,,,,,,,END
300100011327368,DNB,DATA-27368-4-LOC-Cls2,,US,2822 W 32ND ST,,,,BROOKLYN,,,,,,,,,,,,,,,,,,,,,,END
300100011327368,DNB,DATA-27368-5-LOC-1,,US,DATA-27368-5-100 Oracle Parkway,,,,REDWOOD CITY,CA,,SAN MATEO,,,,100 BUILDING,,,,,,,,,,,,,,,END
300100011327368,DNB,DATA-27368-5-LOC-CLS1,,US,100 Oracle Parkway,,,,REDWOOD CITY,CA,,SAN MATEO,94065,,,,,,,,,,,,,,,,,,END
300100011327368,DNB,DATA-27368-5-LOC-Cls2,,US,2822 W 32ND ST,,,,BROOKLYN,,,,,,,,,,,,,,,,,,,,,,END
300100011327368,DNB,DATA-27368-6-LOC-1,,US,DATA-27368-6-100 Oracle Parkway,,,,REDWOOD CITY,CA,,SAN MATEO,,,,100 BUILDING,,,,,,,,,,,,,,,END
300100011327368,DNB,DATA-27368-6-LOC-CLS1,,US,100 Oracle Parkway,,,,REDWOOD CITY,CA,,SAN MATEO,94065,,,,,,,,,,,,,,,,,,END
300100011327368,DNB,DATA-27368-6-LOC-Cls2,,US,2822 W 32ND ST,,,,BROOKLYN,,,,,,,,,,,,,,,,,,,,,,END
300100011327368,DNB,DATA-27368-7-LOC-1,,US,DATA-27368-7-100 Oracle Parkway,,,,REDWOOD CITY,CA,,SAN MATEO,,,,100 BUILDING,,,,,,,,,,,,,,,END
300100011327368,DNB,DATA-27368-7-LOC-CLS1,,US,100 Oracle Parkway,,,,REDWOOD CITY,CA,,SAN MATEO,94065,,,,,,,,,,,,,,,,,,END
300100011327368,DNB,DATA-27368-7-LOC-Cls2,,US,2822 W 32ND ST,,,,BROOKLYN,,,,,,,,,,,,,,,,,,,,,,END
300100011327368,DNB,DATA-27368-8-LOC-1,,US,DATA-27368-8-100 Oracle Parkway,,,,REDWOOD CITY,CA,,SAN MATEO,,,,100 BUILDING,,,,,,,,,,,,,,,END
300100011327368,DNB,DATA-27368-8-LOC-CLS1,,US,100 Oracle Parkway,,,,REDWOOD CITY,CA,,SAN MATEO,94065,,,,,,,,,,,,,,,,,,END
300100011327368,DNB,DATA-27368-8-LOC-Cls2,,US,2822 W 32ND ST,,,,BROOKLYN,,,,,,,,,,,,,,,,,,,,,,END
300100011327368,DNB,DATA-27368-9-LOC-1,,US,DATA-27368-9-100 Oracle Parkway,,,,REDWOOD CITY,CA,,SAN MATEO,,,,100 BUILDING,,,,,,,,,,,,,,,END
300100011327368,DNB,DATA-27368-9-LOC-CLS1,,US,100 Oracle Parkway,,,,REDWOOD CITY,CA,,SAN MATEO,94065,,,,,,,,,,,,,,,,,,END
300100011327368,DNB,DATA-27368-9-LOC-Cls2,,US,2822 W 32ND ST,,,,BROOKLYN,,,,,,,,,,,,,,,,,,,,,,END
300100011327368,DNB,DATA-27368-10-LOC-1,,US,DATA-27368-10-100 Oracle Parkway,,,,REDWOOD CITY,CA,,SAN MATEO,,,,100 BUILDING,,,,,,,,,,,,,,,END
300100011327368,DNB,DATA-27368-10-LOC-CLS1,,US,100 Oracle Parkway,,,,REDWOOD CITY,CA,,SAN MATEO,94065,,,,,,,,,,,,,,,,,,END
300100011327368,DNB,DATA-27368-10-LOC-Cls2,,US,2822 W 32ND ST,,,,BROOKLYN,,,,,,,,,,,,,,,,,,,,,,END
