300100011327368,,,,DNB,DATA-27368-1-CNTR-1,DNB,DATA-27368-1-REL-1,CONTACT,N,Y,Y,END
300100011327368,,,,DNB,DATA-27368-10-CNTR-1,DNB,DATA-27368-10-REL-1,CONTACT,N,Y,Y,END
300100011327368,,,,DNB,DATA-27368-2-CNTR-1,DNB,DATA-27368-2-REL-1,CONTACT,N,Y,Y,END
300100011327368,,,,DNB,DATA-27368-3-CNTR-1,DNB,DATA-27368-3-REL-1,CONTACT,N,Y,Y,END
300100011327368,,,,DNB,DATA-27368-4-CNTR-1,DNB,DATA-27368-4-REL-1,CONTACT,N,Y,Y,END
300100011327368,,,,DNB,DATA-27368-5-CNTR-1,DNB,DATA-27368-5-REL-1,CONTACT,N,Y,Y,END
300100011327368,,,,DNB,DATA-27368-6-CNTR-1,DNB,DATA-27368-6-REL-1,CONTACT,N,Y,Y,END
300100011327368,,,,DNB,DATA-27368-7-CNTR-1,DNB,DATA-27368-7-REL-1,CONTACT,N,Y,Y,END
300100011327368,,,,DNB,DATA-27368-8-CNTR-1,DNB,DATA-27368-8-REL-1,CONTACT,N,Y,Y,END
300100011327368,,,,DNB,DATA-27368-9-CNTR-1,DNB,DATA-27368-9-REL-1,CONTACT,N,Y,Y,END
