DNB,DATA-27368-1-ACCT-1,Automatic Receipts,Y,,,2012/06/01,,300100011327368,,,,,,,,,,,,,,,,,204,END
DNB,DATA-27368-1-ACCT-1,Automatic Receipts,Y,DNB,DATA-27368-1-AS-1,2012/06/01,,300100011327368,,,,,,,,,,,,,,,,,204,END
DNB,DATA-27368-2-ACCT-1,Automatic Receipts,Y,,,2012/06/01,,300100011327368,,,,,,,,,,,,,,,,,204,END
DNB,DATA-27368-2-ACCT-1,Automatic Receipts,Y,DNB,DATA-27368-2-AS-1,2012/06/01,,300100011327368,,,,,,,,,,,,,,,,,204,END
DNB,DATA-27368-3-ACCT-1,Automatic Receipts,Y,,,2012/06/01,,300100011327368,,,,,,,,,,,,,,,,,204,END
DNB,DATA-27368-3-ACCT-1,Automatic Receipts,Y,DNB,DATA-27368-3-AS-1,2012/06/01,,300100011327368,,,,,,,,,,,,,,,,,204,END
DNB,DATA-27368-4-ACCT-1,Automatic Receipts,Y,,,2012/06/01,,300100011327368,,,,,,,,,,,,,,,,,204,END
DNB,DATA-27368-4-ACCT-1,Automatic Receipts,Y,DNB,DATA-27368-4-AS-1,2012/06/01,,300100011327368,,,,,,,,,,,,,,,,,204,END
DNB,DATA-27368-5-ACCT-1,Automatic Receipts,Y,,,2012/06/01,,300100011327368,,,,,,,,,,,,,,,,,204,END
DNB,DATA-27368-5-ACCT-1,Automatic Receipts,Y,DNB,DATA-27368-5-AS-1,2012/06/01,,300100011327368,,,,,,,,,,,,,,,,,204,END
DNB,DATA-27368-6-ACCT-1,Automatic Receipts,Y,,,2012/06/01,,300100011327368,,,,,,,,,,,,,,,,,204,END
DNB,DATA-27368-6-ACCT-1,Automatic Receipts,Y,DNB,DATA-27368-6-AS-1,2012/06/01,,300100011327368,,,,,,,,,,,,,,,,,204,END
DNB,DATA-27368-7-ACCT-1,Automatic Receipts,Y,,,2012/06/01,,300100011327368,,,,,,,,,,,,,,,,,204,END
DNB,DATA-27368-7-ACCT-1,Automatic Receipts,Y,DNB,DATA-27368-7-AS-1,2012/06/01,,300100011327368,,,,,,,,,,,,,,,,,204,END
DNB,DATA-27368-8-ACCT-1,Automatic Receipts,Y,,,2012/06/01,,300100011327368,,,,,,,,,,,,,,,,,204,END
DNB,DATA-27368-8-ACCT-1,Automatic Receipts,Y,DNB,DATA-27368-8-AS-1,2012/06/01,,300100011327368,,,,,,,,,,,,,,,,,204,END
DNB,DATA-27368-9-ACCT-1,Automatic Receipts,Y,,,2012/06/01,,300100011327368,,,,,,,,,,,,,,,,,204,END
DNB,DATA-27368-9-ACCT-1,Automatic Receipts,Y,DNB,DATA-27368-9-AS-1,2012/06/01,,300100011327368,,,,,,,,,,,,,,,,,204,END
DNB,DATA-27368-10-ACCT-1,Automatic Receipts,Y,,,2012/06/01,,300100011327368,,,,,,,,,,,,,,,,,204,END
DNB,DATA-27368-10-ACCT-1,Automatic Receipts,Y,DNB,DATA-27368-10-AS-1,2012/06/01,,300100011327368,,,,,,,,,,,,,,,,,204,END
