ShipTo_BillTo_Address,GPR,101,101,SHIP_TO,1006,,,,,,,,,1036,,,,,,,,,,,,,,,1560,,,,,,,,,,,,,,,,,,,,,,,,,,,END
ShipTo_BillTo_Address,GPR,101,101,BILL_TO,,,,1006,,,,,,,1025,,,,,,,,,,,,,,,,,4820,,,,,,,,,,,,,,,,,,,,,,,,END
ShipTo_BillTo_Address,GPR,102,102,SHIP_TO,1006,,,,,,,,,1036,,,,,,,,,,,,,,,1560,,,,,,,,,,,,,,,,,,,,,,,,,,,END
ShipTo_BillTo_Address,GPR,102,102,BILL_TO,,,,1006,,,,,,,1025,,,,,,,,,,,,,,,,,4820,,,,,,,,,,,,,,,,,,,,,,,,END
FullOrder_TIA_EFF,LEG,1,101,SHIP_TO,,,1006,,,,,,,,,,,123 Main Street,,,,Boston,20115,MA,,,US,,,1560,,,,,,1000,1000,Preferred Contact Orig Sys Reference,Joe,Martin, ,Jr.,Mr,Patrick,O'Brian,Joseph,III,Dr,ORGANIZATION,,DEN1,Denver Warehouse,,,,END
FullOrder_TIA_EFF,LEG,1,101,BILL_TO,,,,,1006,Computer Service and Rentals,,,,,,,,302 Executive Circle,Warehouse B,,,Chattanooga,37401,TN,,Hamilton,,,,,,1106,,,,1001,1001,Preferred Contact Orig Sys Reference,Mary,Abernathy,Jo, , ,Callie,Sweet,Jane, ,Miss,ORGANIZATION,,,,,,,END
SalesCredits_OrderLine,LEG,1,101,SHIP_TO,1006,1006,Computer Service and Rentals,,,,,,,1036,,,,2164 Broadway,,,,Tempe,85282,AZ,,Maricopa,US,,1560,CONTACT-1560,Piere Legrand,,,,,,,,,,,,,,,,,,ORGANIZATION,,,,,,,END
SalesCredits_OrderLine,LEG,1,101,BILL_TO,,,,1006,1006,Computer Service and Rentals,,,,,1025,,,301 Summit Hill Drive,s1,,,CHATTANOOGA,37401,TN,,Hamilton,US,,,,,4820,CONTACT-1560,Piere Legrand,,,,,,,,,,,,,,,,,,,,,,END
SalesCredits_OrderLine,LEG,2,101,SHIP_TO,1006,1006,Computer Service and Rentals,,,,,,,1036,,,,2164 Broadway,,,,Tempe,85282,AZ,,Maricopa,US,,1560,CONTACT-1560,Piere Legrand,,,,,,,,,,,,,,,,,,ORGANIZATION,,,,,,,END
SalesCredits_OrderLine,LEG,2,101,BILL_TO,,,,1006,1006,Computer Service and Rentals,,,,,1025,,,301 Summit Hill Drive,s1,,,CHATTANOOGA,37401,TN,,Hamilton,US,,,,,4820,CONTACT-1560,Piere Legrand,,,,,,,,,,,,,,,,,,,,,,END
CreateCustomer_01,LEG,1,101,SHIP_TO, , ,Test Service and Rentals,,,,,,, ,,,,1433 Mercer Ave,,,,Atlanta,30337,GA,,Fulton,US,, ,,,,,,,,,,,,,,,,,,,,ORGANIZATION,,,,,,,END
CreateCustomer_01,LEG,1,101,BILL_TO,,,,1006,1006,Computer Service and Rentals,,,,,1025,,,301 Summit Hill Drive,s1,,,CHATTANOOGA,37401,TN,,Hamilton,US,,,,,4820,CONTACT-1560,Piere Legrand,,,,,,,,,,,,,,,,,,,,,,END
CreateCustomer_01,LEG,2,101,SHIP_TO, , ,Test Service and Rentals,,,,,,, ,,,,1433 Mercer Ave,,,,Atlanta,30337,GA,,Fulton,US,,,,,,,,,,,,,,,,,,,,,,ORGANIZATION,,,,,,,END
CreateCustomer_01,LEG,2,101,BILL_TO,,,,1006,1006,Computer Service and Rentals,,,,,1025,,,301 Summit Hill Drive,s1,,,CHATTANOOGA,37401,TN,,Hamilton,US,,,,,4820,CONTACT-1560,Piere Legrand,,,,,,,,,,,,,,,,,,,,,,END
FreezePrice,LEG,1,101,SHIP_TO,,,Computer Associates International,,,,,,,,,,,"102, CityView",,,,CHATTANOOGA,37401,TN,,,US,,,,,,,,,,,,,,,,,,,,,,,,,,,,,END
FreezePrice,LEG,1,101,BILL_TO,,,,,,Computer Associates International,,,,,,,,"102, CityView",,,,CHATTANOOGA,37401,TN,,,US,,,,,,,,,,,,,,,,,,,,,,,,,,,,,END
SaleCredits-OrderHeader,LEG,1,101,SHIP_TO,1006,1006,Computer Service and Rentals,,,,,,,1036,,,,2164 Broadway,,,,Tempe,85282,AZ,,Maricopa,US,,1560,CONTACT-1560,Piere Legrand,,,,,,,,,,,,,,,,,,ORGANIZATION,,,,,,,END
SaleCredits-OrderHeader,LEG,1,101,BILL_TO,,,,1006,1006,Computer Service and Rentals,,,,,1025,,,301 Summit Hill Drive,s1,,,CHATTANOOGA,37401,TN,,Hamilton,US,,,,,4820,CONTACT-1560,Piere Legrand,,,,,,,,,,,,,,,,,,,,,,END
SaleCredits-OrderHeader,LEG,2,101,SHIP_TO,1006,1006,Computer Service and Rentals,,,,,,,1036,,,,2164 Broadway,,,,Tempe,85282,AZ,,Maricopa,US,,1560,CONTACT-1560,Piere Legrand,,,,,,,,,,,,,,,,,,ORGANIZATION,,,,,,,END
SaleCredits-OrderHeader,LEG,2,101,BILL_TO,,,,1006,1006,Computer Service and Rentals,,,,,1025,,,301 Summit Hill Drive,s1,,,CHATTANOOGA,37401,TN,,Hamilton,US,,,,,4820,CONTACT-1560,Piere Legrand,,,,,,,,,,,,,,,,,,,,,,END
Dates_Cancel_PricedOn-01A,LEG,1,101,SHIP_TO,1006,1006,Computer Service and Rentals,,,,,,,1036,,,,2164 Broadway,,,,Tempe,85282,AZ,,Maricopa,US,,1560,CONTACT-1560,Piere Legrand,,,,,,,,,,,,,,,,,,ORGANIZATION,,,,,,,END
Dates_Cancel_PricedOn-01A,LEG,1,101,BILL_TO,,,,1006,1006,Computer Service and Rentals,,,,,1025,,,301 Summit Hill Drive,s1,,,CHATTANOOGA,37401,TN,,Hamilton,US,,,,,4820,CONTACT-1560,Piere Legrand,,,,,,,,,,,,,,,,,,,,,,END
MK_Config_Test_01,LEG,1,1,SHIP_TO,1006,,Computer Service and Rentals,,,,,,,1036,,,,6881 Bulldog Dr,,,,North Charleston,29406,South Carolina,,Charleston,United States,,,,,,,,,,,,,,,,,,,,,,ORGANIZATION,,,,,,,END
MK_Config_Test_01,LEG,1,1,BILL_TO,,,,1006,,Computer Service and Rentals,,,,,1025,,,6881 Bulldog Dr,,,,North Charleston,29406,South Carolina,,Charleston,United States,,,,,,,,,,,,,,,,,,,,,,ORGANIZATION,,,,,,,END
MK_Config_Test_02,LEG,1,1,SHIP_TO,1006,,Computer Service and Rentals,,,,,,,1036,,,,6881 Bulldog Dr,,,,North Charleston,29406,South Carolina,,Charleston,United States,,,,,,,,,,,,,,,,,,,,,,ORGANIZATION,,,,,,,END
MK_Config_Test_02,LEG,1,1,BILL_TO,,,,1006,,Computer Service and Rentals,,,,,1025,,,6881 Bulldog Dr,,,,North Charleston,29406,South Carolina,,Charleston,United States,,,,,,,,,,,,,,,,,,,,,,ORGANIZATION,,,,,,,END
ATO-Model,GPR,101,101,SHIP_TO,1006,,,,,,,,,1036,,,,,,,,,,,,,,,1560,,,,,,,,,,,,,,,,,,,,,,,,,,,END
ATO-Model,GPR,101,101,BILL_TO,,,,1006,,,,,,,1025,,,,,,,,,,,,,,,,,4820,,,,,,,,,,,,,,,,,,,,,,,,END
ATO-Model,GPR,102,102,SHIP_TO,1006,,,,,,,,,1036,,,,,,,,,,,,,,,1560,,,,,,,,,,,,,,,,,,,,,,,,,,,END
ATO-Model,GPR,102,102,BILL_TO,,,,1006,,,,,,,1025,,,,,,,,,,,,,,,,,4820,,,,,,,,,,,,,,,,,,,,,,,,END
ATO-Model,GPR,103,103,SHIP_TO,1006,,,,,,,,,1036,,,,,,,,,,,,,,,1560,,,,,,,,,,,,,,,,,,,,,,,,,,,END
ATO-Model,GPR,103,103,BILL_TO,,,,1006,,,,,,,1025,,,,,,,,,,,,,,,,,4820,,,,,,,,,,,,,,,,,,,,,,,,END
ATO-Model,GPR,104,104,SHIP_TO,1006,,,,,,,,,1036,,,,,,,,,,,,,,,1560,,,,,,,,,,,,,,,,,,,,,,,,,,,END
ATO-Model,GPR,104,104,BILL_TO,,,,1006,,,,,,,1025,,,,,,,,,,,,,,,,,4820,,,,,,,,,,,,,,,,,,,,,,,,END
ATO-Model,GPR,105,105,SHIP_TO,1006,,,,,,,,,1036,,,,,,,,,,,,,,,1560,,,,,,,,,,,,,,,,,,,,,,,,,,,END
ATO-Model,GPR,105,105,BILL_TO,,,,1006,,,,,,,1025,,,,,,,,,,,,,,,,,4820,,,,,,,,,,,,,,,,,,,,,,,,END
ATO-Model,GPR,106,106,SHIP_TO,1006,,,,,,,,,1036,,,,,,,,,,,,,,,1560,,,,,,,,,,,,,,,,,,,,,,,,,,,END
ATO-Model,GPR,106,106,BILL_TO,,,,1006,,,,,,,1025,,,,,,,,,,,,,,,,,4820,,,,,,,,,,,,,,,,,,,,,,,,END
ATO-Model,GPR,107,107,SHIP_TO,1006,,,,,,,,,1036,,,,,,,,,,,,,,,1560,,,,,,,,,,,,,,,,,,,,,,,,,,,END
ATO-Model,GPR,107,107,BILL_TO,,,,1006,,,,,,,1025,,,,,,,,,,,,,,,,,4820,,,,,,,,,,,,,,,,,,,,,,,,END
ATO-Model,GPR,,,SHIP_TO,1006,,,,,,,,,1036,,,,,,,,,,,,,,,1560,,,,,,,,,,,,,,,,,,,,,,,,,,,END
ATO-Model,GPR,,,BILL_TO,,,,1006,,,,,,,1025,,,,,,,,,,,,,,,,,4820,,,,,,,,,,,,,,,,,,,,,,,,END
Prepriced_With_MPA,GPR,101,101,SHIP_TO,1006,,,,,,,,,1036,,,,,,,,,,,,,,,1560,,,,,,,,,,,,,,,,,,,,,,,,,,,END
Prepriced_With_MPA,GPR,101,101,BILL_TO,,,,1006,,,,,,,1025,,,,,,,,,,,,,,,,,4820,,,,,,,,,,,,,,,,,,,,,,,,END
Prepriced_With_MPA,GPR,102,102,SHIP_TO,1006,,,,,,,,,1036,,,,,,,,,,,,,,,1560,,,,,,,,,,,,,,,,,,,,,,,,,,,END
Prepriced_With_MPA,GPR,102,102,BILL_TO,,,,1006,,,,,,,1025,,,,,,,,,,,,,,,,,4820,,,,,,,,,,,,,,,,,,,,,,,,END
Prepriced_With_MPA,GPR,,,SHIP_TO,1006,,,,,,,,,1036,,,,,,,,,,,,,,,1560,,,,,,,,,,,,,,,,,,,,,,,,,,,END
Prepriced_With_MPA,GPR,,,BILL_TO,,,,1006,,,,,,,1025,,,,,,,,,,,,,,,,,4820,,,,,,,,,,,,,,,,,,,,,,,,END
ImmediateCoverage_With_MPA,GPR,101,101,SHIP_TO,1006,,,,,,,,,1036,,,,,,,,,,,,,,,1560,,,,,,,,,,,,,,,,,,,,,,,,,,,END
ImmediateCoverage_With_MPA,GPR,101,101,BILL_TO,,,,1006,,,,,,,1025,,,,,,,,,,,,,,,,,4820,,,,,,,,,,,,,,,,,,,,,,,,END
ImmediateCoverage_With_MPA,GPR,102,102,SHIP_TO,1006,,,,,,,,,1036,,,,,,,,,,,,,,,1560,,,,,,,,,,,,,,,,,,,,,,,,,,,END
ImmediateCoverage_With_MPA,GPR,102,102,BILL_TO,,,,1006,,,,,,,1025,,,,,,,,,,,,,,,,,4820,,,,,,,,,,,,,,,,,,,,,,,,END
ImmediateCoverage_With_MPA,GPR,,,SHIP_TO,1006,,,,,,,,,1036,,,,,,,,,,,,,,,1560,,,,,,,,,,,,,,,,,,,,,,,,,,,END
ImmediateCoverage_With_MPA,GPR,,,BILL_TO,,,,1006,,,,,,,1025,,,,,,,,,,,,,,,,,4820,,,,,,,,,,,,,,,,,,,,,,,,END
CreditCheck_RecurBill_ImmCov,GPR,101,101,SHIP_TO,1006,,,,,,,,,1036,,,,,,,,,,,,,,,1560,,,,,,,,,,,,,,,,,,,,,,,,,,,END
CreditCheck_RecurBill_ImmCov,GPR,101,101,BILL_TO,,,,1006,,,,,,,1025,,,,,,,,,,,,,,,,,4820,,,,,,,,,,,,,,,,,,,,,,,,END
CreditCheck_RecurBill_ImmCov,GPR,102,102,SHIP_TO,1006,,,,,,,,,1036,,,,,,,,,,,,,,,1560,,,,,,,,,,,,,,,,,,,,,,,,,,,END
CreditCheck_RecurBill_ImmCov,GPR,102,102,BILL_TO,,,,1006,,,,,,,1025,,,,,,,,,,,,,,,,,4820,,,,,,,,,,,,,,,,,,,,,,,,END
CreditCheck_RecurBill_ImmCov,GPR,,,SHIP_TO,1006,,,,,,,,,1036,,,,,,,,,,,,,,,1560,,,,,,,,,,,,,,,,,,,,,,,,,,,END
CreditCheck_RecurBill_ImmCov,GPR,,,BILL_TO,,,,1006,,,,,,,1025,,,,,,,,,,,,,,,,,4820,,,,,,,,,,,,,,,,,,,,,,,,END
PrepricedCreditCheck_RecurBill,GPR,101,101,SHIP_TO,1006,,,,,,,,,1036,,,,,,,,,,,,,,,1560,,,,,,,,,,,,,,,,,,,,,,,,,,,END
PrepricedCreditCheck_RecurBill,GPR,101,101,BILL_TO,,,,1006,,,,,,,1025,,,,,,,,,,,,,,,,,4820,,,,,,,,,,,,,,,,,,,,,,,,END
PrepricedCreditCheck_RecurBill,GPR,102,102,SHIP_TO,1006,,,,,,,,,1036,,,,,,,,,,,,,,,1560,,,,,,,,,,,,,,,,,,,,,,,,,,,END
PrepricedCreditCheck_RecurBill,GPR,102,102,BILL_TO,,,,1006,,,,,,,1025,,,,,,,,,,,,,,,,,4820,,,,,,,,,,,,,,,,,,,,,,,,END
PrepricedCreditCheck_RecurBill,GPR,,,SHIP_TO,1006,,,,,,,,,1036,,,,,,,,,,,,,,,1560,,,,,,,,,,,,,,,,,,,,,,,,,,,END
PrepricedCreditCheck_RecurBill,GPR,,,BILL_TO,,,,1006,,,,,,,1025,,,,,,,,,,,,,,,,,4820,,,,,,,,,,,,,,,,,,,,,,,,END
URR_SRD_01,GPR,101,101,SHIP_TO,1006,,,,,,,,,1036,,,,,,,,,,,,,,,1560,,,,,,,,,,,,,,,,,,,,,,,,,,,END
URR_SRD_01,GPR,101,101,BILL_TO,,,,1006,,,,,,,1025,,,,,,,,,,,,,,,,,4820,,,,,,,,,,,,,,,,,,,,,,,,END
URR_SUB_01,GPR,101,101,SHIP_TO,1006,,,,,,,,,1036,,,,,,,,,,,,,,,1560,,,,,,,,,,,,,,,,,,,,,,,,,,,END
URR_SUB_01,GPR,101,101,BILL_TO,,,,1006,,,,,,,1025,,,,,,,,,,,,,,,,,4820,,,,,,,,,,,,,,,,,,,,,,,,END
CC_COV_SO_002,GPR,101,101,SHIP_TO,1006,,,,,,,,,1036,,,,,,,,,,,,,,,1560,,,,,,,,,,,,,,,,,,,,,,,,,,,END
CC_COV_SO_002,GPR,101,101,BILL_TO,,,,1006,,,,,,,1025,,,,,,,,,,,,,,,,,4820,,,,,,,,,,,,,,,,,,,,,,,,END
CC_COV_SO_002,GPR,102,102,SHIP_TO,1006,,,,,,,,,1036,,,,,,,,,,,,,,,1560,,,,,,,,,,,,,,,,,,,,,,,,,,,END
CC_COV_SO_002,GPR,102,102,BILL_TO,,,,1006,,,,,,,1025,,,,,,,,,,,,,,,,,4820,,,,,,,,,,,,,,,,,,,,,,,,END
PROJECTS_SAMPLE001,GPR,1,1,SHIP_TO,1006,1006,Computer Service and Rentals,,,,,,,1036,,,,,,,,,,,,,,,1560,,,,,,,,,,,,,,,,,,,,,,,,,,,END
PROJECTS_SAMPLE001,GPR,1,1,BILL_TO,,,,1006,1006,Computer Service and Rentals,,,,,1025,,,,,,,,,,,,,,,,,4820,,,,,,,,,,,,,,,,,,,,,,,,END
PROJECTS_SAMPLE001,GPR,2,2,SHIP_TO,1006,1006,Computer Service and Rentals,,,,,,,1036,,,,,,,,,,,,,,,1560,,,,,,,,,,,,,,,,,,,,,,,,,,,END
PROJECTS_SAMPLE001,GPR,2,2,BILL_TO,,,,1006,1006,Computer Service and Rentals,,,,,1025,,,,,,,,,,,,,,,,,4820,,,,,,,,,,,,,,,,,,,,,,,,END
SO_SUBS_C1,ORA_BM_CPQ,101,101,SHIP_TO,1006,1006,Computer Service and Rentals,,,,,,,1036,,,,2164 Broadway,,,,Tempe,85282,AZ,,Maricopa,US,,1560,CONTACT-1560,Piere Legrand,,,,,,,,,,,,,,,,,,,,,,,,,END
SO_SUBS_C1,ORA_BM_CPQ,101,101,BILL_TO,,,,1006,1006,Computer Service and Rentals,,,,,1025,,,301 Summit Hill Drive,s1,,,CHATTANOOGA,37401,TN,,Hamilton,US,,,,,4820,CONTACT-1560,Piere Legrand,,,,,,,,,,,,,,,,,,,,,,END
PureSubscription_0040603,ORA_BM_CPQ,101,101,SHIP_TO,1006,1006,Computer Service and Rentals,,,,,,,1036,,,,2164 Broadway,,,,Tempe,85282,AZ,,Maricopa,US,,1560,CONTACT-1560,Piere Legrand,,,,,,,,,,,,,,,,,,,,,,,,,END
PureSubscription_0040603,ORA_BM_CPQ,101,101,BILL_TO,,,,1006,1006,Computer Service and Rentals,,,,,1025,,,301 Summit Hill Drive,s1,,,CHATTANOOGA,37401,TN,,Hamilton,US,,,,,4820,CONTACT-1560,Piere Legrand,,,,,,,,,,,,,,,,,,,,,,END
Amend_Subscription_033002,ORA_BM_CPQ,101,101,SHIP_TO,1006,1006,Computer Service and Rentals,,,,,,,1036,,,,2164 Broadway,,,,Tempe,85282,AZ,,Maricopa,US,,1560,CONTACT-1560,Piere Legrand,,,,,,,,,,,,,,,,,,,,,,,,,END
Amend_Subscription_033002,ORA_BM_CPQ,101,101,BILL_TO,,,,1006,1006,Computer Service and Rentals,,,,,1025,,,301 Summit Hill Drive,s1,,,CHATTANOOGA,37401,TN,,Hamilton,US,,,,,4820,CONTACT-1560,Piere Legrand,,,,,,,,,,,,,,,,,,,,,,END
TER_PureSubscription_033005,ORA_BM_CPQ,101,101,SHIP_TO,1006,1006,Computer Service and Rentals,,,,,,,1036,,,,2164 Broadway,,,,Tempe,85282,AZ,,Maricopa,US,,1560,CONTACT-1560,Piere Legrand,,,,,,,,,,,,,,,,,,,,,,,,,END
TER_PureSubscription_033005,ORA_BM_CPQ,101,101,BILL_TO,,,,1006,1006,Computer Service and Rentals,,,,,1025,,,301 Summit Hill Drive,s1,,,CHATTANOOGA,37401,TN,,Hamilton,US,,,,,4820,CONTACT-1560,Piere Legrand,,,,,,,,,,,,,,,,,,,,,,END
SUB_ASSOCIATED_033003,ORA_BM_CPQ,103,103,SHIP_TO,1006,1006,Computer Service and Rentals,,,,,,,1036,,,,2164 Broadway,,,,Tempe,85282,AZ,,Maricopa,US,,1560,CONTACT-1560,Piere Legrand,,,,,,,,,,,,,,,,,,,,,,,,,END
SUB_ASSOCIATED_033003,ORA_BM_CPQ,103,103,BILL_TO,,,,1006,1006,Computer Service and Rentals,,,,,1025,,,301 Summit Hill Drive,s1,,,CHATTANOOGA,37401,TN,,Hamilton,US,,,,,4820,CONTACT-1560,Piere Legrand,,,,,,,,,,,,,,,,,,,,,,END
SUB_ASSOCIATED_033003,ORA_BM_CPQ,101,101,SHIP_TO,1006,1006,Computer Service and Rentals,,,,,,,1036,,,,2164 Broadway,,,,Tempe,85282,AZ,,Maricopa,US,,1560,CONTACT-1560,Piere Legrand,,,,,,,,,,,,,,,,,,,,,,,,,END
SUB_ASSOCIATED_033003,ORA_BM_CPQ,101,101,BILL_TO,,,,1006,1006,Computer Service and Rentals,,,,,1025,,,301 Summit Hill Drive,s1,,,CHATTANOOGA,37401,TN,,Hamilton,US,,,,,4820,CONTACT-1560,Piere Legrand,,,,,,,,,,,,,,,,,,,,,,END
SUB_ASSOCIATED_033003,ORA_BM_CPQ,102,102,SHIP_TO,1006,1006,Computer Service and Rentals,,,,,,,1036,,,,2164 Broadway,,,,Tempe,85282,AZ,,Maricopa,US,,1560,CONTACT-1560,Piere Legrand,,,,,,,,,,,,,,,,,,,,,,,,,END
SUB_ASSOCIATED_033003,ORA_BM_CPQ,102,102,BILL_TO,,,,1006,1006,Computer Service and Rentals,,,,,1025,,,301 Summit Hill Drive,s1,,,CHATTANOOGA,37401,TN,,Hamilton,US,,,,,4820,CONTACT-1560,Piere Legrand,,,,,,,,,,,,,,,,,,,,,,END
SUB_ASSOCIATED_033003,ORA_BM_CPQ,104,104,SHIP_TO,1006,1006,Computer Service and Rentals,,,,,,,1036,,,,2164 Broadway,,,,Tempe,85282,AZ,,Maricopa,US,,1560,CONTACT-1560,Piere Legrand,,,,,,,,,,,,,,,,,,,,,,,,,END
SUB_ASSOCIATED_033003,ORA_BM_CPQ,104,104,BILL_TO,,,,1006,1006,Computer Service and Rentals,,,,,1025,,,301 Summit Hill Drive,s1,,,CHATTANOOGA,37401,TN,,Hamilton,US,,,,,4820,CONTACT-1560,Piere Legrand,,,,,,,,,,,,,,,,,,,,,,END
CreditcardTKN_004,GPR,101,101,SHIP_TO,300100046859201,CDRM_78619,FOM-Customer-001,,,,,,,300100046859204,,,,"3486, Saratoga Road",,,,SUNNYVALE,94004,CA,,,US,,300100046859285,CDRM_78623,James Pattison,,,,,,,,,,,,,,,,,,,,,,,,,END
CreditcardTKN_004,GPR,101,101,BILL_TO,,,,300100046859202,CDRM_11118,FOM-Customer-001,,,,,300100046859206,,,"3486, Saratoga Road",,,,SUNNYVALE,94004,CA,,,US,,,,,300100046859292,CDRM_78623,James Pattison,,,,,,,,,,,,,,,,,,,,,,END
CreditcardTKN_004,GPR,,,SHIP_TO,300100046859201,CDRM_78619,FOM-Customer-001,,,,,,,300100046859204,,,,"3486, Saratoga Road",,,,SUNNYVALE,94004,CA,,,US,,300100046859285,CDRM_78623,James Pattison,,,,,,,,,,,,,,,,,,,,,,,,,END
CreditcardTKN_004,GPR,,,BILL_TO,,,,300100046859202,CDRM_11118,FOM-Customer-001,,,,,300100046859206,,,"3486, Saratoga Road",,,,SUNNYVALE,94004,CA,,,US,,,,,300100046859292,CDRM_78623,James Pattison,,,,,,,,,,,,,,,,,,,,,,END
CCTKN_SUBS_008,ORA_BM_CPQ,101,101,SHIP_TO,1006,1006,Computer Service and Rentals,,,,,,,1036,,,,2164 Broadway,,,,Tempe,85282,AZ,,Maricopa,US,,1560,CONTACT-1560,Piere Legrand,,,,,,,,,,,,,,,,,,,,,,,,,END
CCTKN_SUBS_008,ORA_BM_CPQ,101,101,BILL_TO,,,,1006,1006,Computer Service and Rentals,,,,,1025,,,301 Summit Hill Drive,s1,,,CHATTANOOGA,37401,TN,,Hamilton,US,,,,,4820,CONTACT-1560,Piere Legrand,,,,,,,,,,,,,,,,,,,,,,END
