SO_SUBS_C1,ORA_BM_CPQ,101,101,C1,SCT1,1,,Per unit,0,100,,5,END
PureSubscription_0040603,ORA_BM_CPQ,101,101,Data_Storage_Fee,CT1,1,,Per unit,0,100,,0,END
PureSubscription_0040603,ORA_BM_CPQ,101,101,Data_Storage_Fee,CT2,2,AS_BLOCK,,100,999999,20,1.69,END
TER_PureSubscription_033005,ORA_BM_CPQ,101,101,Data_Storage_Fee,CT1,1,,Per unit,0,100,,0,END
TER_PureSubscription_033005,ORA_BM_CPQ,101,101,Data_Storage_Fee,CT2,2,AS_BLOCK,,100,999999,20,1.69,END
CCTKN_SUBS_008,ORA_BM_CPQ,101,101,Data_Storage_Fee,CT1,1,,Per unit,0,100,,0,END
CCTKN_SUBS_008,ORA_BM_CPQ,101,101,Data_Storage_Fee,CT2,2,AS_BLOCK,,100,999999,20,1.69,END
