LEG,FullOrder_TIA_EFF,1,101,30,Visa card 5432,123,432,1,On Account,ORA_ON_ACCOUNT,,,,,,,,,,,END
GPR,CreditCheck_RecurBill_ImmCov,,,,Credit Card,1234,1234,1234,,,,,,,,,,,,,END
GPR,PrepricedCreditCheck_RecurBill,,,,Credit Card,1234,1234,1234,,,,,,,,,,,,,END
GPR,CreditcardTKN_004,,,,,,,H101,,ORA_CREDIT_CARD,9909000327108060,2036/12/31,MEERA,SOOD,VISA,XXXXXXXXXXXX4128,,,,,END
ORA_BM_CPQ,CCTKN_SUBS_008,,,,,,,PMH101,,ORA_CREDIT_CARD,9909000327108060,2036/12/31,MEERA,SOOD,VISA,XXXXXXXXXXXX4128,,,,,END
ORA_BM_CPQ,CCTKN_SUBS_008,101,101,,,,,PMH102,,ORA_CREDIT_CARD,9909000327108060,2036/12/31,MEERA,SOOD,VISA,XXXXXXXXXXXX4128,,,,,END
