Prepriced_With_MPA,GPR,101,101,100,,Discount amount,,,ORA_SALES_NEGOTIATION,Sales Negotiation,Amount,1,QP_SALE_PRICE,,,,,,,,,,,END
Prepriced_With_MPA,GPR,102,102,100,,Discount amount,,,ORA_SALES_NEGOTIATION,Sales Negotiation,Amount,1,QP_SALE_PRICE,,,,,,,,,,,END
ImmediateCoverage_With_MPA,GPR,101,101,10,,,,,ORA_SALES_NEGOTIATION,Sales Negotiation,Amount,1,QP_SALE_PRICE,,,,N,1,,,,,,END
ImmediateCoverage_With_MPA,GPR,102,102,5,DISCOUNT_PERCENT,,,List Price,ORA_SALES_NEGOTIATION,Sales Negotiation,Percent,1,QP_SALE_PRICE,,,,N,1,,,,,,END
SO_SUBS_C1,ORA_BM_CPQ,101,101,12,DISCOUNT_AMOUNT,,,List Price,ORA_PRICE_MATCH,,Fee Discount,1,OSS_AF,,,,N,MPA-001,,,,,,END
PureSubscription_0040603,ORA_BM_CPQ,101,101,10,DISCOUNT_AMOUNT,,,List Price,ORA_PRICE_MATCH,,Fee Discount,2,OSS_MF,,0zE,,N,MPA-002,,Specific periods,4,6,,END
Amend_Subscription_033002,ORA_BM_CPQ,101,101,10,DISCOUNT_AMOUNT,,,List Price,ORA_PRICE_MATCH,,Fee Discount,2,OSS_MF,,0zE,,N,MPA-002,ORA_ALL_TERM,,,,,END
TER_PureSubscription_033005,ORA_BM_CPQ,101,101,10,DISCOUNT_AMOUNT,,,List Price,ORA_PRICE_MATCH,,Fee Discount,2,OSS_MF,,0zE,,N,MPA-002,,Specific periods,4,6,,END
SUB_ASSOCIATED_033003,ORA_BM_CPQ,103,103,10,DISCOUNT_AMOUNT,,,List Price,ORA_PRICE_MATCH,,Fee Discount,2,OSS_MF,,,,N,MPA-002,,Specific periods,4,6,,END
SUB_ASSOCIATED_033003,ORA_BM_CPQ,104,104,10,DISCOUNT_AMOUNT,,,List Price,ORA_PRICE_MATCH,,Fee Discount,2,OSS_MF,,,,N,MPA-002,,Specific periods,4,6,,END
CCTKN_SUBS_008,ORA_BM_CPQ,101,101,12,DISCOUNT_AMOUNT,,,List Price,ORA_PRICE_MATCH,,Fee Discount,1,OSS_AF,,,,N,MPA-001,,,,,,END
CCTKN_SUBS_008,ORA_BM_CPQ,101,101,10,DISCOUNT_AMOUNT,,,List Price,ORA_PRICE_MATCH,,Fee Discount,2,OSS_MF,,,,N,MPA-002,,Specific periods,4,6,,END
