ShipTo_BillTo_Address,GPR,101,101,SC1,QP_SALE_PRICE, ,ORA_SALE,,ORA_PRICE,,1,ONE_TIME,,1,,Each,Y,PRICE,N,USD,,,,,,,,,,,END
ShipTo_BillTo_Address,GPR,102,102,SC1,QP_SALE_PRICE, ,ORA_SALE,,ORA_PRICE,,1,ONE_TIME,,1,,Each,Y,PRICE,N,USD,,,,,,,,,,,END
FullOrder_TIA_EFF,LEG,1,101,SC01,QP_SALE_PRICE, ,ORA_SALE,,ORA_PRICE,,1,,One time,1,Ea,Each,Y,PRICE,, ,US Dollar,,,,, ,,,,,END
FreezePrice,LEG,1,101,SC1,,Sale Price, ,Sale,,Price,1,ONE_TIME,,1,Ea,,Y,PRICE,N,USD,,,,,,,,,,,END
Prepriced_With_MPA,GPR,101,101,SC1,QP_SALE_PRICE,,ORA_SALE,,ORA_PRICE,,1,ONE_TIME,,5,,Each,Y,PRICE,N,USD,,,,,,,,,,,END
Prepriced_With_MPA,GPR,102,102,SC1,QP_SALE_PRICE,,ORA_SALE,,ORA_PRICE,,1,ONE_TIME,,5,,Each,Y,PRICE,N,USD,,,,,,,,,,,END
ImmediateCoverage_With_MPA,GPR,101,101,SC1,QP_SALE_PRICE,,ORA_SALE,,ORA_PRICE,,1,ONE_TIME,,5,,Each,Y,PRICE,N,USD,,,,,,,,,,,END
ImmediateCoverage_With_MPA,GPR,102,102,SC1,QP_SALE_PRICE,,ORA_SALE,,ORA_PRICE,,1,ONE_TIME,,5,,Each,Y,PRICE,N,USD,,,,,,,,,,,END
CreditCheck_RecurBill_ImmCov,GPR,101,101,SC1,QP_SALE_PRICE,,ORA_SALE,,ORA_PRICE,,1,ONE_TIME,,5,,Each,Y,PRICE,N,USD,,,,,,,,,,,END
CreditCheck_RecurBill_ImmCov,GPR,102,102,SC1,QP_RECURRING_SALE_PRICE,,ORA_SALE,,ORA_PRICE,,1,RECURRING,,5,,Each,Y,PRICE,N,USD,,,,,,,,,,,END
PrepricedCreditCheck_RecurBill,GPR,101,101,SC1,QP_SALE_PRICE,,ORA_SALE,,ORA_PRICE,,1,ONE_TIME,,5,,Each,Y,PRICE,N,USD,,,,,,,,,,,END
PrepricedCreditCheck_RecurBill,GPR,102,102,SC1,QP_RECURRING_SALE_PRICE,,ORA_SALE,,ORA_PRICE,,1,RECURRING,,5,,Each,Y,PRICE,N,USD,,,,,,,,,,,END
CC_COV_SO_002,GPR,101,101,SC1,QP_SALE_PRICE,,ORA_SALE,,ORA_PRICE,,1,ONE_TIME,,5,,Each,Y,PRICE,N,USD,,,,,,,,,,,END
CC_COV_SO_002,GPR,102,102,SC1,QP_SALE_PRICE,,ORA_SALE,,ORA_PRICE,,1,ONE_TIME,,5,,Each,Y,PRICE,N,USD,,,,,,,,,,,END
SO_SUBS_C1,ORA_BM_CPQ,101,101,C1,OSS_AF,,OSS_AF,,ORA_PRICE,,1,ONE_TIME,,10,Ea,Each,Y,PRICE,N,USD,,,,,,,,,,,END
PureSubscription_0040603,ORA_BM_CPQ,101,101,Activation_Fee,OSS_AF,,OSS_AF,,ORA_PRICE,,1,ONE_TIME,,10,Ea,Each,Y,PRICE,N,USD,,0zE,,,,,,,,,END
PureSubscription_0040603,ORA_BM_CPQ,101,101,Monthly_Fee,OSS_MF,,OSS_MF,,ORA_PRICE,,2,,Recurring,10,Ea,Each,N,PRICE,N,USD,,0zG,,,,,,,,,END
PureSubscription_0040603,ORA_BM_CPQ,101,101,Data_Storage_Fee,USAGE_OSS_DF,,,Monthly Fee,ORA_PRICE,,3,,Recurring,10,Ea,Each,N,PRICE,N,USD,,0zG,,,,,,Highest tier,,,END
Amend_Subscription_033002,ORA_BM_CPQ,101,101,Activation_Fee,OSS_AF,,OSS_AF,,ORA_PRICE,,1,ONE_TIME,,10,Ea,Each,Y,PRICE,N,USD,,0zE,,,,,,,,,END
Amend_Subscription_033002,ORA_BM_CPQ,101,101,Monthly_Fee,OSS_MF,,OSS_MF,,ORA_PRICE,,2,,Recurring,10,Ea,Each,N,PRICE,N,USD,,0zG,,,,,,,,,END
Amend_Subscription_033002,ORA_BM_CPQ,101,101,Data_Storage_Fee,USAGE_OSS_DF,,,Monthly Fee,ORA_PRICE,,3,,Recurring,10,Ea,Each,N,PRICE,N,USD,,0zG,,,,,,Highest tier,,,END
TER_PureSubscription_033005,ORA_BM_CPQ,101,101,Activation_Fee,OSS_AF,,OSS_AF,,ORA_PRICE,,1,ONE_TIME,,10,Ea,Each,Y,PRICE,N,USD,,0zE,,,,,,,,,END
TER_PureSubscription_033005,ORA_BM_CPQ,101,101,Monthly_Fee,OSS_MF,,OSS_MF,,ORA_PRICE,,2,,Recurring,10,Ea,Each,N,PRICE,N,USD,,0zG,,,,,,,,,END
TER_PureSubscription_033005,ORA_BM_CPQ,101,101,Data_Storage_Fee,USAGE_OSS_DF,,,Monthly Fee,ORA_PRICE,,3,,Recurring,10,Ea,Each,N,PRICE,N,USD,,0zG,,,,,,Highest tier,,,END
SUB_ASSOCIATED_033003,ORA_BM_CPQ,103,103,Activation_Fee,OSS_AF,,OSS_AF,,ORA_PRICE,,1,ONE_TIME,,10,Ea,Each,Y,PRICE,N,USD,,,,,,,,,,,END
SUB_ASSOCIATED_033003,ORA_BM_CPQ,103,103,Monthly_Fee,OSS_MF,,OSS_MF,,ORA_PRICE,,2,,Recurring,10,Ea,Each,N,PRICE,N,USD,,0zG,,,,,,,,,END
SUB_ASSOCIATED_033003,ORA_BM_CPQ,101,101,SC1,QP_SALE_PRICE,,ORA_SALE,,ORA_PRICE,,1,ONE_TIME,,10,Ea,Each,Y,PRICE,N,USD,,,,,,,,,,,END
SUB_ASSOCIATED_033003,ORA_BM_CPQ,102,102,SC2,QP_SALE_PRICE,,ORA_SALE,,ORA_PRICE,,2,ONE_TIME,,10,Ea,Each,Y,PRICE,N,USD,,,,,,,,,,,END
SUB_ASSOCIATED_033003,ORA_BM_CPQ,104,104,Activation_Fee,OSS_AF,,OSS_AF,,ORA_PRICE,,1,ONE_TIME,,10,Ea,Each,Y,PRICE,N,USD,,,,,,,,,,,END
SUB_ASSOCIATED_033003,ORA_BM_CPQ,104,104,Monthly_Fee,OSS_MF,,OSS_MF,,ORA_PRICE,,2,,Recurring,10,Ea,Each,N,PRICE,N,USD,,0zG,,,,,,,,,END
CCTKN_SUBS_008,ORA_BM_CPQ,101,101,Activation_Fee,OSS_AF,,OSS_AF,,ORA_PRICE,,1,ONE_TIME,,10,Ea,Each,Y,PRICE,N,USD,,0zE,,,,,,,,,END
CCTKN_SUBS_008,ORA_BM_CPQ,101,101,Monthly_Fee,OSS_MF,,OSS_MF,,ORA_PRICE,,2,,Recurring,10,Ea,Each,N,PRICE,N,USD,,0zG,,,,,,,,,END
CCTKN_SUBS_008,ORA_BM_CPQ,101,101,Data_Storage_Fee,USAGE_OSS_DF,,,Monthly Fee,ORA_PRICE,,3,,Recurring,10,Ea,Each,N,PRICE,N,USD,,0zG,,,,,,Highest tier,,,END
