102,102,ShipTo_BillTo_Address,GPR,SOURCE_COVERAGE_COVERED_ASSOC,ShipTo_BillTo_Address,,ShipTo_BillTo_Address,,101,,,,102,,,,END
1,101,FullOrder_TIA_EFF,LEG,ORIGINAL_SALES_ORDER,C_CE_DR_20022014_003,LEG,C_CE_DR_20022014_003,,101,,,,,,,,END
1,101,FullOrder_TIA_EFF,LEG,ORIGINAL_SALES_ORDER,C_CE_DR_20022014_005,LEG,C_CE_DR_20022014_005,,101,,,,,,, ,END
107,107,ATO-Model,GPR,SOURCE_COVERAGE_COVERED_ASSOC,ATO-Model,GPR,ATO-Model,,107,107,,,101,,1,,END
102,102,ImmediateCoverage_With_MPA,GPR,SOURCE_COVERAGE_COVERED_ASSOC,ImmediateCoverage_With_MPA,GPR,ImmediateCoverage_With_MPA,,102,,,,101,,,,END
102,102,CreditCheck_RecurBill_ImmCov,GPR,SOURCE_COVERAGE_COVERED_ASSOC,CreditCheck_RecurBill_ImmCov,GPR,CreditCheck_RecurBill_ImmCov,,102,,,,101,,,,END
102,102,PrepricedCreditCheck_RecurBill,GPR,SOURCE_COVERAGE_COVERED_ASSOC,PrepricedCreditCheck_RecurBill,GPR,PrepricedCreditCheck_RecurBill,,102,,,,101,,,,END
102,102,CC_COV_SO_002,GPR,SOURCE_COVERAGE_COVERED_ASSOC,CC_COV_SO_002,,CC_COV_SO_002,,102,,,,101,,,,END
101,101,SO_SUBS_C1,ORA_BM_CPQ,EXTERNAL_ASSET_REF,,,KEY_SO_SUBS_C1,,,,,,,,,,END
101,101,PureSubscription_0040603,ORA_BM_CPQ,EXTERNAL_ASSET_REF,,,PureSubscription_0040603,,,,,,,,,,END
101,101,Amend_Subscription_033002,ORA_BM_CPQ,EXTERNAL_ASSET_REF,,,Amend_Subscription_033002,,,,,,,,,,END
101,101,Amend_Subscription_033002,ORA_BM_CPQ,AMEND_SUBS_COV_RELATIONSHIP,,,PureSubscription_0040603,,,,,,,,,,END
101,101,TER_PureSubscription_033005,ORA_BM_CPQ,EXTERNAL_ASSET_REF,,,,,,,,300100546629859,,,,,END
103,103,SUB_ASSOCIATED_033003,ORA_BM_CPQ,EXTERNAL_ASSET_REF,,,SUB_ASSOCIATED_033003,,,,,,,,,,END
103,103,SUB_ASSOCIATED_033003,ORA_BM_CPQ,SOURCE_SUBSCRIPTION_ASSOC,SUB_ASSOCIATED_033003,ORA_BM_CPQ,,,101,,,,,,,,END
104,104,SUB_ASSOCIATED_033003,ORA_BM_CPQ,EXTERNAL_ASSET_REF,,,SUB_ASSOCIATED_033003,,,,,,,,,,END
104,104,SUB_ASSOCIATED_033003,ORA_BM_CPQ,SOURCE_SUBSCRIPTION_ASSOC,SUB_ASSOCIATED_033003,ORA_BM_CPQ,,,102,,,,,,,,END
101,101,CCTKN_SUBS_008,ORA_BM_CPQ,EXTERNAL_ASSET_REF,,,CCTKN_SUBS_008,,,,,,,,,,END
